match_id,date,stage,team,opponent,scorer,minute_raw,minute,stoppage,period,is_penalty,is_own_goal,venue_city,is_knockout,minute_with_stoppage,in_stoppage,is_open_play,normal_time
1,2026-06-11,Group stage,Mexico,South Africa,Julián Quiñones,9,9,0,1st half,False,False,Mexico City,False,9,False,True,True
1,2026-06-11,Group stage,Mexico,South Africa,Raúl Jiménez,67,67,0,2nd half,False,False,Mexico City,False,67,False,True,True
2,2026-06-11,Group stage,South Korea,Czech Republic,Hwang In-Beom,67,67,0,2nd half,False,False,Guadalajara (Zapopan),False,67,False,True,True
2,2026-06-11,Group stage,South Korea,Czech Republic,Oh Hyeon-Gyu,80,80,0,2nd half,False,False,Guadalajara (Zapopan),False,80,False,True,True
2,2026-06-11,Group stage,Czech Republic,South Korea,Ladislav Krejcí,59,59,0,2nd half,False,False,Guadalajara (Zapopan),False,59,False,True,True
3,2026-06-18,Group stage,Czech Republic,South Africa,Michal Sadílek,6,6,0,1st half,False,False,Atlanta,False,6,False,True,True
3,2026-06-18,Group stage,South Africa,Czech Republic,Teboho Mokoena,83,83,0,2nd half,True,False,Atlanta,False,83,False,False,True
4,2026-06-18,Group stage,Mexico,South Korea,Luis Romo,50,50,0,2nd half,False,False,Guadalajara (Zapopan),False,50,False,True,True
5,2026-06-24,Group stage,Mexico,Czech Republic,Mateo Chávez,55,55,0,2nd half,False,False,Mexico City,False,55,False,True,True
5,2026-06-24,Group stage,Mexico,Czech Republic,Julián Quiñones,61,61,0,2nd half,False,False,Mexico City,False,61,False,True,True
5,2026-06-24,Group stage,Mexico,Czech Republic,Álvaro Fidalgo,90+4,90,4,2nd half,False,False,Mexico City,False,94,True,True,True
6,2026-06-24,Group stage,South Africa,South Korea,Thapelo Maseko,63,63,0,2nd half,False,False,Monterrey (Guadalupe),False,63,False,True,True
7,2026-06-12,Group stage,Canada,Bosnia and Herzegovina,Cyle Larin,78,78,0,2nd half,False,False,Toronto,False,78,False,True,True
7,2026-06-12,Group stage,Bosnia and Herzegovina,Canada,Jovo Lukić,21,21,0,1st half,False,False,Toronto,False,21,False,True,True
8,2026-06-13,Group stage,Qatar,Switzerland,Miro Muheim,90+4,90,4,2nd half,False,True,San Francisco Bay Area (Santa Clara),False,94,True,False,True
8,2026-06-13,Group stage,Switzerland,Qatar,Breel Embolo,17,17,0,1st half,True,False,San Francisco Bay Area (Santa Clara),False,17,False,False,True
9,2026-06-18,Group stage,Switzerland,Bosnia and Herzegovina,Johan Manzambi,74,74,0,2nd half,False,False,Los Angeles (Inglewood),False,74,False,True,True
9,2026-06-18,Group stage,Switzerland,Bosnia and Herzegovina,Rubén Vargas,84,84,0,2nd half,False,False,Los Angeles (Inglewood),False,84,False,True,True
9,2026-06-18,Group stage,Switzerland,Bosnia and Herzegovina,Johan Manzambi,90,90,0,2nd half,False,False,Los Angeles (Inglewood),False,90,False,True,True
9,2026-06-18,Group stage,Switzerland,Bosnia and Herzegovina,Granit Xhaka,90+7,90,7,2nd half,True,False,Los Angeles (Inglewood),False,97,True,False,True
9,2026-06-18,Group stage,Bosnia and Herzegovina,Switzerland,Ermin Mahmic,90+3,90,3,2nd half,False,False,Los Angeles (Inglewood),False,93,True,True,True
10,2026-06-18,Group stage,Canada,Qatar,Cyle Larin,16,16,0,1st half,False,False,Vancouver,False,16,False,True,True
10,2026-06-18,Group stage,Canada,Qatar,Jonathan David,29,29,0,1st half,False,False,Vancouver,False,29,False,True,True
10,2026-06-18,Group stage,Canada,Qatar,Jonathan David,45+3,45,3,1st half,False,False,Vancouver,False,48,True,True,True
10,2026-06-18,Group stage,Canada,Qatar,Nathan Saliba,64,64,0,2nd half,False,False,Vancouver,False,64,False,True,True
10,2026-06-18,Group stage,Canada,Qatar,Mohamed Manai,75,75,0,2nd half,False,True,Vancouver,False,75,False,False,True
10,2026-06-18,Group stage,Canada,Qatar,Jonathan David,90+2,90,2,2nd half,False,False,Vancouver,False,92,True,True,True
11,2026-06-24,Group stage,Switzerland,Canada,Rubén Vargas,46,46,0,2nd half,False,False,Vancouver,False,46,False,True,True
11,2026-06-24,Group stage,Switzerland,Canada,Johan Manzambi,57,57,0,2nd half,False,False,Vancouver,False,57,False,True,True
11,2026-06-24,Group stage,Canada,Switzerland,Promise David,76,76,0,2nd half,False,False,Vancouver,False,76,False,True,True
12,2026-06-24,Group stage,Bosnia and Herzegovina,Qatar,Kerim Alajbegovic,29,29,0,1st half,False,False,Seattle,False,29,False,True,True
12,2026-06-24,Group stage,Bosnia and Herzegovina,Qatar,Mahmoud Abunada,34,34,0,1st half,False,True,Seattle,False,34,False,False,True
12,2026-06-24,Group stage,Bosnia and Herzegovina,Qatar,Ermin Mahmic,80,80,0,2nd half,False,False,Seattle,False,80,False,True,True
12,2026-06-24,Group stage,Qatar,Bosnia and Herzegovina,Hassan Al-Haydos,42,42,0,1st half,False,False,Seattle,False,42,False,True,True
13,2026-06-13,Group stage,Brazil,Morocco,Vinícius Júnior,32,32,0,1st half,False,False,New York/New Jersey (East Rutherford),False,32,False,True,True
13,2026-06-13,Group stage,Morocco,Brazil,Ismael Saibari,21,21,0,1st half,False,False,New York/New Jersey (East Rutherford),False,21,False,True,True
14,2026-06-13,Group stage,Scotland,Haiti,John McGinn,28,28,0,1st half,False,False,Boston (Foxborough),False,28,False,True,True
15,2026-06-19,Group stage,Morocco,Scotland,Ismael Saibari,2,2,0,1st half,False,False,Boston (Foxborough),False,2,False,True,True
16,2026-06-19,Group stage,Brazil,Haiti,Matheus Cunha,23,23,0,1st half,False,False,Philadelphia,False,23,False,True,True
16,2026-06-19,Group stage,Brazil,Haiti,Matheus Cunha,36,36,0,1st half,False,False,Philadelphia,False,36,False,True,True
16,2026-06-19,Group stage,Brazil,Haiti,Vinícius Júnior,45+3,45,3,1st half,False,False,Philadelphia,False,48,True,True,True
17,2026-06-24,Group stage,Brazil,Scotland,Vinícius Júnior,7,7,0,1st half,False,False,Miami (Miami Gardens),False,7,False,True,True
17,2026-06-24,Group stage,Brazil,Scotland,Vinícius Júnior,45+3,45,3,1st half,False,False,Miami (Miami Gardens),False,48,True,True,True
17,2026-06-24,Group stage,Brazil,Scotland,Matheus Cunha,60,60,0,2nd half,False,False,Miami (Miami Gardens),False,60,False,True,True
18,2026-06-24,Group stage,Morocco,Haiti,Achraf Hakimi,39,39,0,1st half,False,False,Atlanta,False,39,False,True,True
18,2026-06-24,Group stage,Morocco,Haiti,Ismael Saibari,45+1,45,1,1st half,False,False,Atlanta,False,46,True,True,True
18,2026-06-24,Group stage,Morocco,Haiti,Soufiane Rahimi,78,78,0,2nd half,False,False,Atlanta,False,78,False,True,True
18,2026-06-24,Group stage,Morocco,Haiti,Gessime Yassine,89,89,0,2nd half,False,False,Atlanta,False,89,False,True,True
18,2026-06-24,Group stage,Haiti,Morocco,Yassine Bounou,10,10,0,1st half,False,True,Atlanta,False,10,False,False,True
18,2026-06-24,Group stage,Haiti,Morocco,Wilson Isidor,43,43,0,1st half,False,False,Atlanta,False,43,False,True,True
19,2026-06-12,Group stage,United States,Paraguay,Damian Bobadilla,7,7,0,1st half,False,True,Los Angeles (Inglewood),False,7,False,False,True
19,2026-06-12,Group stage,United States,Paraguay,Folarin Balogun,31,31,0,1st half,False,False,Los Angeles (Inglewood),False,31,False,True,True
19,2026-06-12,Group stage,United States,Paraguay,Folarin Balogun,45+5,45,5,1st half,False,False,Los Angeles (Inglewood),False,50,True,True,True
19,2026-06-12,Group stage,United States,Paraguay,Giovanni Reyna,90+8,90,8,2nd half,False,False,Los Angeles (Inglewood),False,98,True,True,True
19,2026-06-12,Group stage,Paraguay,United States,Mauricio,73,73,0,2nd half,False,False,Los Angeles (Inglewood),False,73,False,True,True
20,2026-06-13,Group stage,Australia,Turkey,Nestory Irankunda,27,27,0,1st half,False,False,Vancouver,False,27,False,True,True
20,2026-06-13,Group stage,Australia,Turkey,Connor Metcalfe,75,75,0,2nd half,False,False,Vancouver,False,75,False,True,True
21,2026-06-19,Group stage,United States,Australia,Cameron Burgess,11,11,0,1st half,False,True,Seattle,False,11,False,False,True
21,2026-06-19,Group stage,United States,Australia,Alex Freeman,43,43,0,1st half,False,False,Seattle,False,43,False,True,True
22,2026-06-19,Group stage,Paraguay,Turkey,Matías Galarza,2,2,0,1st half,False,False,San Francisco Bay Area (Santa Clara),False,2,False,True,True
23,2026-06-25,Group stage,Turkey,United States,Arda Güler,10,10,0,1st half,False,False,Los Angeles (Inglewood),False,10,False,True,True
23,2026-06-25,Group stage,Turkey,United States,Baris Alper Yilmaz,31,31,0,1st half,False,False,Los Angeles (Inglewood),False,31,False,True,True
23,2026-06-25,Group stage,Turkey,United States,Kaan Ayhan,90+8,90,8,2nd half,False,False,Los Angeles (Inglewood),False,98,True,True,True
23,2026-06-25,Group stage,United States,Turkey,Auston Trusty,3,3,0,1st half,False,False,Los Angeles (Inglewood),False,3,False,True,True
23,2026-06-25,Group stage,United States,Turkey,Sebastian Berhalter,49,49,0,2nd half,False,False,Los Angeles (Inglewood),False,49,False,True,True
25,2026-06-14,Group stage,Germany,Curaçao,Felix Nmecha,6,6,0,1st half,False,False,Houston,False,6,False,True,True
25,2026-06-14,Group stage,Germany,Curaçao,Nico Schlotterbeck,38,38,0,1st half,False,False,Houston,False,38,False,True,True
25,2026-06-14,Group stage,Germany,Curaçao,Kai Havertz,45+5,45,5,1st half,True,False,Houston,False,50,True,False,True
25,2026-06-14,Group stage,Germany,Curaçao,Jamal Musiala,47,47,0,2nd half,False,False,Houston,False,47,False,True,True
25,2026-06-14,Group stage,Germany,Curaçao,Nathaniel Brown,68,68,0,2nd half,False,False,Houston,False,68,False,True,True
25,2026-06-14,Group stage,Germany,Curaçao,Deniz Undav,78,78,0,2nd half,False,False,Houston,False,78,False,True,True
25,2026-06-14,Group stage,Germany,Curaçao,Kai Havertz,88,88,0,2nd half,False,False,Houston,False,88,False,True,True
25,2026-06-14,Group stage,Curaçao,Germany,Livano Comenencia,21,21,0,1st half,False,False,Houston,False,21,False,True,True
26,2026-06-14,Group stage,Ivory Coast,Ecuador,Amad Diallo,90,90,0,2nd half,False,False,Philadelphia,False,90,False,True,True
27,2026-06-20,Group stage,Germany,Ivory Coast,Deniz Undav,68,68,0,2nd half,False,False,Toronto,False,68,False,True,True
27,2026-06-20,Group stage,Germany,Ivory Coast,Deniz Undav,90+4,90,4,2nd half,False,False,Toronto,False,94,True,True,True
27,2026-06-20,Group stage,Ivory Coast,Germany,Franck Kessié,30,30,0,1st half,False,False,Toronto,False,30,False,True,True
29,2026-06-25,Group stage,Ivory Coast,Curaçao,Nicolas Pépé,7,7,0,1st half,False,False,Philadelphia,False,7,False,True,True
29,2026-06-25,Group stage,Ivory Coast,Curaçao,Nicolas Pépé,64,64,0,2nd half,False,False,Philadelphia,False,64,False,True,True
30,2026-06-25,Group stage,Ecuador,Germany,Nilson Angulo,9,9,0,1st half,False,False,New York/New Jersey (East Rutherford),False,9,False,True,True
30,2026-06-25,Group stage,Ecuador,Germany,Gonzalo Plata,77,77,0,2nd half,False,False,New York/New Jersey (East Rutherford),False,77,False,True,True
30,2026-06-25,Group stage,Germany,Ecuador,Leroy Sané,2,2,0,1st half,False,False,New York/New Jersey (East Rutherford),False,2,False,True,True
31,2026-06-14,Group stage,Netherlands,Japan,Virgil van Dijk,51,51,0,2nd half,False,False,Dallas (Arlington),False,51,False,True,True
31,2026-06-14,Group stage,Netherlands,Japan,Crysencio Summerville,64,64,0,2nd half,False,False,Dallas (Arlington),False,64,False,True,True
31,2026-06-14,Group stage,Japan,Netherlands,Keito Nakamura,57,57,0,2nd half,False,False,Dallas (Arlington),False,57,False,True,True
31,2026-06-14,Group stage,Japan,Netherlands,Daichi Kamada,88,88,0,2nd half,False,False,Dallas (Arlington),False,88,False,True,True
32,2026-06-14,Group stage,Sweden,Tunisia,Yasin Ayari,7,7,0,1st half,False,False,Monterrey (Guadalupe),False,7,False,True,True
32,2026-06-14,Group stage,Sweden,Tunisia,Alexander Isak,30,30,0,1st half,False,False,Monterrey (Guadalupe),False,30,False,True,True
32,2026-06-14,Group stage,Sweden,Tunisia,Viktor Gyökeres,59,59,0,2nd half,False,False,Monterrey (Guadalupe),False,59,False,True,True
32,2026-06-14,Group stage,Sweden,Tunisia,Mattias Svanberg,84,84,0,2nd half,False,False,Monterrey (Guadalupe),False,84,False,True,True
32,2026-06-14,Group stage,Sweden,Tunisia,Yasin Ayari,90+6,90,6,2nd half,False,False,Monterrey (Guadalupe),False,96,True,True,True
32,2026-06-14,Group stage,Tunisia,Sweden,Omar Rekik,43,43,0,1st half,False,False,Monterrey (Guadalupe),False,43,False,True,True
33,2026-06-20,Group stage,Netherlands,Sweden,Brian Brobbey,5,5,0,1st half,False,False,Houston,False,5,False,True,True
33,2026-06-20,Group stage,Netherlands,Sweden,Brian Brobbey,17,17,0,1st half,False,False,Houston,False,17,False,True,True
33,2026-06-20,Group stage,Netherlands,Sweden,Cody Gakpo,47,47,0,2nd half,False,False,Houston,False,47,False,True,True
33,2026-06-20,Group stage,Netherlands,Sweden,Cody Gakpo,54,54,0,2nd half,False,False,Houston,False,54,False,True,True
33,2026-06-20,Group stage,Netherlands,Sweden,Crysencio Summerville,89,89,0,2nd half,False,False,Houston,False,89,False,True,True
33,2026-06-20,Group stage,Sweden,Netherlands,Anthony Elanga,59,59,0,2nd half,False,False,Houston,False,59,False,True,True
34,2026-06-20,Group stage,Japan,Tunisia,Daichi Kamada,4,4,0,1st half,False,False,Monterrey (Guadalupe),False,4,False,True,True
34,2026-06-20,Group stage,Japan,Tunisia,Ayase Ueda,31,31,0,1st half,False,False,Monterrey (Guadalupe),False,31,False,True,True
34,2026-06-20,Group stage,Japan,Tunisia,Junya Ito,69,69,0,2nd half,False,False,Monterrey (Guadalupe),False,69,False,True,True
34,2026-06-20,Group stage,Japan,Tunisia,Ayase Ueda,83,83,0,2nd half,False,False,Monterrey (Guadalupe),False,83,False,True,True
35,2026-06-25,Group stage,Japan,Sweden,Daizen Maeda,56,56,0,2nd half,False,False,Dallas (Arlington),False,56,False,True,True
35,2026-06-25,Group stage,Sweden,Japan,Anthony Elanga,62,62,0,2nd half,False,False,Dallas (Arlington),False,62,False,True,True
36,2026-06-25,Group stage,Tunisia,Netherlands,Hazem Mastouri,54,54,0,2nd half,False,False,Kansas City,False,54,False,True,True
36,2026-06-25,Group stage,Netherlands,Tunisia,Ellyes Skhiri,3,3,0,1st half,False,True,Kansas City,False,3,False,False,True
36,2026-06-25,Group stage,Netherlands,Tunisia,Brian Brobbey,7,7,0,1st half,False,False,Kansas City,False,7,False,True,True
36,2026-06-25,Group stage,Netherlands,Tunisia,Jan Paul van Hecke,62,62,0,2nd half,False,False,Kansas City,False,62,False,True,True
37,2026-06-15,Group stage,Belgium,Egypt,Mohamed Hany,66,66,0,2nd half,False,True,Seattle,False,66,False,False,True
37,2026-06-15,Group stage,Egypt,Belgium,Emam Ashour,19,19,0,1st half,False,False,Seattle,False,19,False,True,True
38,2026-06-15,Group stage,Iran,New Zealand,Ramin Rezaeian,32,32,0,1st half,False,False,Los Angeles (Inglewood),False,32,False,True,True
38,2026-06-15,Group stage,Iran,New Zealand,Mohammad Mohebbi,64,64,0,2nd half,False,False,Los Angeles (Inglewood),False,64,False,True,True
38,2026-06-15,Group stage,New Zealand,Iran,Elijah Just,7,7,0,1st half,False,False,Los Angeles (Inglewood),False,7,False,True,True
38,2026-06-15,Group stage,New Zealand,Iran,Elijah Just,54,54,0,2nd half,False,False,Los Angeles (Inglewood),False,54,False,True,True
40,2026-06-21,Group stage,New Zealand,Egypt,Finn Surman,15,15,0,1st half,False,False,Vancouver,False,15,False,True,True
40,2026-06-21,Group stage,Egypt,New Zealand,Mostafa Zico,58,58,0,2nd half,False,False,Vancouver,False,58,False,True,True
40,2026-06-21,Group stage,Egypt,New Zealand,Mohamed Salah,67,67,0,2nd half,False,False,Vancouver,False,67,False,True,True
40,2026-06-21,Group stage,Egypt,New Zealand,Trézéguet,82,82,0,2nd half,False,False,Vancouver,False,82,False,True,True
41,2026-06-26,Group stage,Egypt,Iran,Mahmoud Saber,5,5,0,1st half,False,False,Seattle,False,5,False,True,True
41,2026-06-26,Group stage,Iran,Egypt,Ramin Rezaeian,14,14,0,1st half,False,False,Seattle,False,14,False,True,True
42,2026-06-26,Group stage,New Zealand,Belgium,Elijah Just,84,84,0,2nd half,False,False,Vancouver,False,84,False,True,True
42,2026-06-26,Group stage,Belgium,New Zealand,Leandro Trossard,28,28,0,1st half,False,False,Vancouver,False,28,False,True,True
42,2026-06-26,Group stage,Belgium,New Zealand,Leandro Trossard,50,50,0,2nd half,False,False,Vancouver,False,50,False,True,True
42,2026-06-26,Group stage,Belgium,New Zealand,Kevin De Bruyne,66,66,0,2nd half,False,False,Vancouver,False,66,False,True,True
42,2026-06-26,Group stage,Belgium,New Zealand,Romelu Lukaku,86,86,0,2nd half,False,False,Vancouver,False,86,False,True,True
42,2026-06-26,Group stage,Belgium,New Zealand,Alexis Saelemaekers,90+4,90,4,2nd half,False,False,Vancouver,False,94,True,True,True
44,2026-06-15,Group stage,Saudi Arabia,Uruguay,Abdulelah Al-Amri,41,41,0,1st half,False,False,Miami (Miami Gardens),False,41,False,True,True
44,2026-06-15,Group stage,Uruguay,Saudi Arabia,Maxi Araújo,80,80,0,2nd half,False,False,Miami (Miami Gardens),False,80,False,True,True
45,2026-06-21,Group stage,Spain,Saudi Arabia,Lamine Yamal,10,10,0,1st half,False,False,Atlanta,False,10,False,True,True
45,2026-06-21,Group stage,Spain,Saudi Arabia,Mikel Oyarzabal,21,21,0,1st half,False,False,Atlanta,False,21,False,True,True
45,2026-06-21,Group stage,Spain,Saudi Arabia,Mikel Oyarzabal,24,24,0,1st half,False,False,Atlanta,False,24,False,True,True
45,2026-06-21,Group stage,Spain,Saudi Arabia,Hassan Al-Tambakti,49,49,0,2nd half,False,True,Atlanta,False,49,False,False,True
46,2026-06-21,Group stage,Uruguay,Cape Verde,Maxi Araújo,44,44,0,1st half,False,False,Miami (Miami Gardens),False,44,False,True,True
46,2026-06-21,Group stage,Uruguay,Cape Verde,Agustín Cano,45+6,45,6,1st half,False,False,Miami (Miami Gardens),False,51,True,True,True
46,2026-06-21,Group stage,Cape Verde,Uruguay,Kevin Pina,21,21,0,1st half,False,False,Miami (Miami Gardens),False,21,False,True,True
46,2026-06-21,Group stage,Cape Verde,Uruguay,Hélio Varela,61,61,0,2nd half,False,False,Miami (Miami Gardens),False,61,False,True,True
48,2026-06-26,Group stage,Spain,Uruguay,Álex Baena,42,42,0,1st half,False,False,Guadalajara (Zapopan),False,42,False,True,True
49,2026-06-16,Group stage,France,Senegal,Kylian Mbappé,66,66,0,2nd half,False,False,New York/New Jersey (East Rutherford),False,66,False,True,True
49,2026-06-16,Group stage,France,Senegal,Bradley Barcola,82,82,0,2nd half,False,False,New York/New Jersey (East Rutherford),False,82,False,True,True
49,2026-06-16,Group stage,France,Senegal,Kylian Mbappé,90+6,90,6,2nd half,False,False,New York/New Jersey (East Rutherford),False,96,True,True,True
49,2026-06-16,Group stage,Senegal,France,Ibrahim Mbaye,90+5,90,5,2nd half,False,False,New York/New Jersey (East Rutherford),False,95,True,True,True
50,2026-06-16,Group stage,Iraq,Norway,Aymen Hussein,39,39,0,1st half,False,False,Boston (Foxborough),False,39,False,True,True
50,2026-06-16,Group stage,Norway,Iraq,Erling Haaland,29,29,0,1st half,False,False,Boston (Foxborough),False,29,False,True,True
50,2026-06-16,Group stage,Norway,Iraq,Erling Haaland,43,43,0,1st half,False,False,Boston (Foxborough),False,43,False,True,True
50,2026-06-16,Group stage,Norway,Iraq,Leo Østigard,76,76,0,2nd half,False,False,Boston (Foxborough),False,76,False,True,True
50,2026-06-16,Group stage,Norway,Iraq,Aymen Hussein,90+6,90,6,2nd half,False,True,Boston (Foxborough),False,96,True,False,True
51,2026-06-22,Group stage,France,Iraq,Kylian Mbappé,14,14,0,1st half,False,False,Philadelphia,False,14,False,True,True
51,2026-06-22,Group stage,France,Iraq,Kylian Mbappé,54,54,0,2nd half,False,False,Philadelphia,False,54,False,True,True
51,2026-06-22,Group stage,France,Iraq,Ousmane Dembélé,66,66,0,2nd half,False,False,Philadelphia,False,66,False,True,True
52,2026-06-22,Group stage,Norway,Senegal,Marcus Holmgren Pedersen,43,43,0,1st half,False,False,New York/New Jersey (East Rutherford),False,43,False,True,True
52,2026-06-22,Group stage,Norway,Senegal,Erling Haaland,48,48,0,2nd half,False,False,New York/New Jersey (East Rutherford),False,48,False,True,True
52,2026-06-22,Group stage,Norway,Senegal,Erling Haaland,58,58,0,2nd half,False,False,New York/New Jersey (East Rutherford),False,58,False,True,True
52,2026-06-22,Group stage,Senegal,Norway,Ismaïla Sarr,53,53,0,2nd half,False,False,New York/New Jersey (East Rutherford),False,53,False,True,True
52,2026-06-22,Group stage,Senegal,Norway,Ismaïla Sarr,90+3,90,3,2nd half,False,False,New York/New Jersey (East Rutherford),False,93,True,True,True
53,2026-06-26,Group stage,Norway,France,Thelo Aasgaard,21,21,0,1st half,False,False,Boston (Foxborough),False,21,False,True,True
53,2026-06-26,Group stage,France,Norway,Ousmane Dembélé,7,7,0,1st half,False,False,Boston (Foxborough),False,7,False,True,True
53,2026-06-26,Group stage,France,Norway,Ousmane Dembélé,20,20,0,1st half,False,False,Boston (Foxborough),False,20,False,True,True
53,2026-06-26,Group stage,France,Norway,Ousmane Dembélé,32,32,0,1st half,False,False,Boston (Foxborough),False,32,False,True,True
53,2026-06-26,Group stage,France,Norway,Désiré Doué,90+4,90,4,2nd half,False,False,Boston (Foxborough),False,94,True,True,True
54,2026-06-26,Group stage,Senegal,Iraq,Habib Diarra,4,4,0,1st half,False,False,Toronto,False,4,False,True,True
54,2026-06-26,Group stage,Senegal,Iraq,Ismaïla Sarr,56,56,0,2nd half,False,False,Toronto,False,56,False,True,True
54,2026-06-26,Group stage,Senegal,Iraq,Pape Gueye,59,59,0,2nd half,False,False,Toronto,False,59,False,True,True
54,2026-06-26,Group stage,Senegal,Iraq,Pape Gueye,71,71,0,2nd half,False,False,Toronto,False,71,False,True,True
54,2026-06-26,Group stage,Senegal,Iraq,Iliman Ndiaye,82,82,0,2nd half,False,False,Toronto,False,82,False,True,True
55,2026-06-16,Group stage,Argentina,Algeria,Lionel Messi,17,17,0,1st half,False,False,Kansas City,False,17,False,True,True
55,2026-06-16,Group stage,Argentina,Algeria,Lionel Messi,60,60,0,2nd half,False,False,Kansas City,False,60,False,True,True
55,2026-06-16,Group stage,Argentina,Algeria,Lionel Messi,76,76,0,2nd half,False,False,Kansas City,False,76,False,True,True
56,2026-06-16,Group stage,Austria,Jordan,Romano Schmid,21,21,0,1st half,False,False,San Francisco Bay Area (Santa Clara),False,21,False,True,True
56,2026-06-16,Group stage,Austria,Jordan,Yazan Al-Arab,76,76,0,2nd half,False,True,San Francisco Bay Area (Santa Clara),False,76,False,False,True
56,2026-06-16,Group stage,Austria,Jordan,Marko Arnautovic,90+12,90,12,2nd half,True,False,San Francisco Bay Area (Santa Clara),False,102,True,False,True
56,2026-06-16,Group stage,Jordan,Austria,Ali Olwan,50,50,0,2nd half,False,False,San Francisco Bay Area (Santa Clara),False,50,False,True,True
57,2026-06-22,Group stage,Argentina,Austria,Lionel Messi,38,38,0,1st half,False,False,Dallas (Arlington),False,38,False,True,True
57,2026-06-22,Group stage,Argentina,Austria,Lionel Messi,90+5,90,5,2nd half,False,False,Dallas (Arlington),False,95,True,True,True
58,2026-06-22,Group stage,Jordan,Algeria,Nizar Al-Rashdan,36,36,0,1st half,False,False,San Francisco Bay Area (Santa Clara),False,36,False,True,True
58,2026-06-22,Group stage,Algeria,Jordan,Nadhir Benbouali,69,69,0,2nd half,False,False,San Francisco Bay Area (Santa Clara),False,69,False,True,True
58,2026-06-22,Group stage,Algeria,Jordan,Amine Gouiri,82,82,0,2nd half,False,False,San Francisco Bay Area (Santa Clara),False,82,False,True,True
59,2026-06-27,Group stage,Algeria,Austria,Rafik Belghali,45,45,0,1st half,False,False,Kansas City,False,45,False,True,True
59,2026-06-27,Group stage,Algeria,Austria,Riyad Mahrez,60,60,0,2nd half,False,False,Kansas City,False,60,False,True,True
59,2026-06-27,Group stage,Algeria,Austria,Riyad Mahrez,90+3,90,3,2nd half,False,False,Kansas City,False,93,True,True,True
59,2026-06-27,Group stage,Austria,Algeria,Marko Arnautovic,28,28,0,1st half,False,False,Kansas City,False,28,False,True,True
59,2026-06-27,Group stage,Austria,Algeria,Marcel Sabitzer,55,55,0,2nd half,False,False,Kansas City,False,55,False,True,True
59,2026-06-27,Group stage,Austria,Algeria,Sasa Kalajdzic,90+6,90,6,2nd half,False,False,Kansas City,False,96,True,True,True
60,2026-06-27,Group stage,Jordan,Argentina,Mousa Al-Tamari,55,55,0,2nd half,False,False,Dallas (Arlington),False,55,False,True,True
60,2026-06-27,Group stage,Argentina,Jordan,Giovani Lo Celso,19,19,0,1st half,False,False,Dallas (Arlington),False,19,False,True,True
60,2026-06-27,Group stage,Argentina,Jordan,Lautaro Martínez,31,31,0,1st half,True,False,Dallas (Arlington),False,31,False,False,True
60,2026-06-27,Group stage,Argentina,Jordan,Lionel Messi,80,80,0,2nd half,False,False,Dallas (Arlington),False,80,False,True,True
61,2026-06-17,Group stage,Portugal,DR Congo,João Neves,6,6,0,1st half,False,False,Houston,False,6,False,True,True
61,2026-06-17,Group stage,DR Congo,Portugal,Yoane Wissa,45+5,45,5,1st half,False,False,Houston,False,50,True,True,True
62,2026-06-17,Group stage,Uzbekistan,Colombia,Abbosbek Fayzullaev,60,60,0,2nd half,False,False,Mexico City,False,60,False,True,True
62,2026-06-17,Group stage,Colombia,Uzbekistan,Daniel Muñoz,40,40,0,1st half,False,False,Mexico City,False,40,False,True,True
62,2026-06-17,Group stage,Colombia,Uzbekistan,Luis Díaz,65,65,0,2nd half,False,False,Mexico City,False,65,False,True,True
62,2026-06-17,Group stage,Colombia,Uzbekistan,Jáminton Campaz,90+9,90,9,2nd half,False,False,Mexico City,False,99,True,True,True
63,2026-06-23,Group stage,Portugal,Uzbekistan,Cristiano Ronaldo,6,6,0,1st half,False,False,Houston,False,6,False,True,True
63,2026-06-23,Group stage,Portugal,Uzbekistan,Nuno Mendes,17,17,0,1st half,False,False,Houston,False,17,False,True,True
63,2026-06-23,Group stage,Portugal,Uzbekistan,Cristiano Ronaldo,39,39,0,1st half,False,False,Houston,False,39,False,True,True
63,2026-06-23,Group stage,Portugal,Uzbekistan,Abduvohid Nematov,60,60,0,2nd half,False,True,Houston,False,60,False,False,True
63,2026-06-23,Group stage,Portugal,Uzbekistan,Rafael Leão,87,87,0,2nd half,False,False,Houston,False,87,False,True,True
64,2026-06-23,Group stage,Colombia,DR Congo,Daniel Muñoz,76,76,0,2nd half,False,False,Guadalajara (Zapopan),False,76,False,True,True
66,2026-06-27,Group stage,DR Congo,Uzbekistan,Yoane Wissa,68,68,0,2nd half,True,False,Atlanta,False,68,False,False,True
66,2026-06-27,Group stage,DR Congo,Uzbekistan,Fiston Mayele,78,78,0,2nd half,False,False,Atlanta,False,78,False,True,True
66,2026-06-27,Group stage,DR Congo,Uzbekistan,Yoane Wissa,90+1,90,1,2nd half,False,False,Atlanta,False,91,True,True,True
66,2026-06-27,Group stage,Uzbekistan,DR Congo,Eldor Shomurodov,10,10,0,1st half,False,False,Atlanta,False,10,False,True,True
67,2026-06-17,Group stage,England,Croatia,Harry Kane,12,12,0,1st half,True,False,Dallas (Arlington),False,12,False,False,True
67,2026-06-17,Group stage,England,Croatia,Harry Kane,42,42,0,1st half,False,False,Dallas (Arlington),False,42,False,True,True
67,2026-06-17,Group stage,England,Croatia,Jude Bellingham,47,47,0,2nd half,False,False,Dallas (Arlington),False,47,False,True,True
67,2026-06-17,Group stage,England,Croatia,Marcus Rashford,85,85,0,2nd half,False,False,Dallas (Arlington),False,85,False,True,True
67,2026-06-17,Group stage,Croatia,England,Martin Baturina,36,36,0,1st half,False,False,Dallas (Arlington),False,36,False,True,True
67,2026-06-17,Group stage,Croatia,England,Petar Musa,45+5,45,5,1st half,False,False,Dallas (Arlington),False,50,True,True,True
68,2026-06-17,Group stage,Ghana,Panama,Caleb Yirenkyi,90+5,90,5,2nd half,False,False,Toronto,False,95,True,True,True
70,2026-06-23,Group stage,Croatia,Panama,Ante Budimir,54,54,0,2nd half,False,False,Toronto,False,54,False,True,True
71,2026-06-27,Group stage,England,Panama,Jude Bellingham,62,62,0,2nd half,False,False,New York/New Jersey (East Rutherford),False,62,False,True,True
71,2026-06-27,Group stage,England,Panama,Harry Kane,67,67,0,2nd half,False,False,New York/New Jersey (East Rutherford),False,67,False,True,True
72,2026-06-27,Group stage,Croatia,Ghana,Petar Sucic,31,31,0,1st half,False,False,Philadelphia,False,31,False,True,True
72,2026-06-27,Group stage,Croatia,Ghana,Nikola Vlasic,83,83,0,2nd half,False,False,Philadelphia,False,83,False,True,True
72,2026-06-27,Group stage,Ghana,Croatia,Derrick Luckassen,73,73,0,2nd half,False,False,Philadelphia,False,73,False,True,True
73,2026-06-28,Round of 32,Canada,South Africa,Stephan Eustáquio,90+2,90,2,2nd half,False,False,Los Angeles (Inglewood),True,92,True,True,True
74,2026-06-29,Round of 32,Germany,Paraguay,Kai Havertz,54,54,0,2nd half,False,False,Boston (Foxborough),True,54,False,True,True
74,2026-06-29,Round of 32,Paraguay,Germany,Julio Enciso,42,42,0,1st half,False,False,Boston (Foxborough),True,42,False,True,True
75,2026-06-29,Round of 32,Netherlands,Morocco,Cody Gakpo,72,72,0,2nd half,False,False,Monterrey (Guadalupe),True,72,False,True,True
75,2026-06-29,Round of 32,Morocco,Netherlands,Issa Diop,90+1,90,1,2nd half,False,False,Monterrey (Guadalupe),True,91,True,True,True
76,2026-06-29,Round of 32,Brazil,Japan,Casemiro,56,56,0,2nd half,False,False,Houston,True,56,False,True,True
76,2026-06-29,Round of 32,Brazil,Japan,Gabriel Martinelli,90+5,90,5,2nd half,False,False,Houston,True,95,True,True,True
76,2026-06-29,Round of 32,Japan,Brazil,Kaishu Sano,29,29,0,1st half,False,False,Houston,True,29,False,True,True
77,2026-06-30,Round of 32,France,Sweden,Kylian Mbappé,45,45,0,1st half,False,False,New York/New Jersey (East Rutherford),True,45,False,True,True
77,2026-06-30,Round of 32,France,Sweden,Bradley Barcola,53,53,0,2nd half,False,False,New York/New Jersey (East Rutherford),True,53,False,True,True
77,2026-06-30,Round of 32,France,Sweden,Kylian Mbappé,74,74,0,2nd half,False,False,New York/New Jersey (East Rutherford),True,74,False,True,True
78,2026-06-30,Round of 32,Ivory Coast,Norway,Amad Diallo,74,74,0,2nd half,False,False,Dallas (Arlington),True,74,False,True,True
78,2026-06-30,Round of 32,Norway,Ivory Coast,Antonio Nusa,39,39,0,1st half,False,False,Dallas (Arlington),True,39,False,True,True
78,2026-06-30,Round of 32,Norway,Ivory Coast,Erling Haaland,86,86,0,2nd half,False,False,Dallas (Arlington),True,86,False,True,True
79,2026-06-30,Round of 32,Mexico,Ecuador,Julián Quiñones,31,31,0,1st half,False,False,Mexico City,True,31,False,True,True
79,2026-06-30,Round of 32,Mexico,Ecuador,Raúl Jiménez,45+1,45,1,1st half,False,False,Mexico City,True,46,True,True,True
80,2026-07-01,Round of 32,England,DR Congo,Harry Kane,75,75,0,2nd half,False,False,Atlanta,True,75,False,True,True
80,2026-07-01,Round of 32,England,DR Congo,Harry Kane,86,86,0,2nd half,False,False,Atlanta,True,86,False,True,True
80,2026-07-01,Round of 32,DR Congo,England,Brian Cipenga,7,7,0,1st half,False,False,Atlanta,True,7,False,True,True
81,2026-07-01,Round of 32,United States,Bosnia and Herzegovina,Folarin Balogun,45,45,0,1st half,False,False,San Francisco Bay Area (Santa Clara),True,45,False,True,True
81,2026-07-01,Round of 32,United States,Bosnia and Herzegovina,Malik Tillman,82,82,0,2nd half,False,False,San Francisco Bay Area (Santa Clara),True,82,False,True,True
82,2026-07-01,Round of 32,Belgium,Senegal,Romelu Lukaku,86,86,0,2nd half,False,False,Seattle,True,86,False,True,True
82,2026-07-01,Round of 32,Belgium,Senegal,Youri Tielemans,89,89,0,2nd half,False,False,Seattle,True,89,False,True,True
82,2026-07-01,Round of 32,Belgium,Senegal,Youri Tielemans,120+5,120,5,ET 2nd,True,False,Seattle,True,125,True,False,False
82,2026-07-01,Round of 32,Senegal,Belgium,Habib Diarra,25,25,0,1st half,False,False,Seattle,True,25,False,True,True
82,2026-07-01,Round of 32,Senegal,Belgium,Ismaïla Sarr,51,51,0,2nd half,False,False,Seattle,True,51,False,True,True
83,2026-07-02,Round of 32,Portugal,Croatia,Cristiano Ronaldo,68,68,0,2nd half,True,False,Toronto,True,68,False,False,True
83,2026-07-02,Round of 32,Portugal,Croatia,Gonçalo Ramos,90+4,90,4,2nd half,False,False,Toronto,True,94,True,True,True
83,2026-07-02,Round of 32,Croatia,Portugal,Ivan Perisic,53,53,0,2nd half,False,False,Toronto,True,53,False,True,True
84,2026-07-02,Round of 32,Spain,Austria,Mikel Oyarzabal,36,36,0,1st half,False,False,Los Angeles (Inglewood),True,36,False,True,True
84,2026-07-02,Round of 32,Spain,Austria,Pedro Porro,66,66,0,2nd half,False,False,Los Angeles (Inglewood),True,66,False,True,True
84,2026-07-02,Round of 32,Spain,Austria,Mikel Oyarzabal,89,89,0,2nd half,False,False,Los Angeles (Inglewood),True,89,False,True,True
85,2026-07-02,Round of 32,Switzerland,Algeria,Breel Embolo,10,10,0,1st half,False,False,Vancouver,True,10,False,True,True
85,2026-07-02,Round of 32,Switzerland,Algeria,Dan Ndoye,46,46,0,2nd half,False,False,Vancouver,True,46,False,True,True
86,2026-07-03,Round of 32,Argentina,Cape Verde,Lionel Messi,29,29,0,1st half,False,False,Miami (Miami Gardens),True,29,False,True,True
86,2026-07-03,Round of 32,Argentina,Cape Verde,Lisandro Martínez,92,92,0,ET 1st,False,False,Miami (Miami Gardens),True,92,False,True,False
86,2026-07-03,Round of 32,Argentina,Cape Verde,Diney Borges,111,111,0,ET 2nd,False,True,Miami (Miami Gardens),True,111,False,False,False
86,2026-07-03,Round of 32,Cape Verde,Argentina,Deroy Duarte,59,59,0,2nd half,False,False,Miami (Miami Gardens),True,59,False,True,True
86,2026-07-03,Round of 32,Cape Verde,Argentina,Sidny Lopes Cabral,103,103,0,ET 1st,False,False,Miami (Miami Gardens),True,103,False,True,False
87,2026-07-03,Round of 32,Colombia,Ghana,Jhon Arias,14,14,0,1st half,False,False,Kansas City,True,14,False,True,True
88,2026-07-03,Round of 32,Australia,Egypt,Mohamed Hany,55,55,0,2nd half,False,True,Dallas (Arlington),True,55,False,False,True
88,2026-07-03,Round of 32,Egypt,Australia,Emam Ashour,13,13,0,1st half,False,False,Dallas (Arlington),True,13,False,True,True
89,2026-07-04,Round of 16,France,Paraguay,Kylian Mbappé,70,70,0,2nd half,True,False,Philadelphia,True,70,False,False,True
90,2026-07-04,Round of 16,Morocco,Canada,Azzedine Ounahi,50,50,0,2nd half,False,False,Houston,True,50,False,True,True
90,2026-07-04,Round of 16,Morocco,Canada,Azzedine Ounahi,82,82,0,2nd half,False,False,Houston,True,82,False,True,True
90,2026-07-04,Round of 16,Morocco,Canada,Soufiane Rahimi,90+8,90,8,2nd half,False,False,Houston,True,98,True,True,True
91,2026-07-05,Round of 16,Brazil,Norway,Neymar,90+10,90,10,2nd half,True,False,New York/New Jersey (East Rutherford),True,100,True,False,True
91,2026-07-05,Round of 16,Norway,Brazil,Erling Haaland,79,79,0,2nd half,False,False,New York/New Jersey (East Rutherford),True,79,False,True,True
91,2026-07-05,Round of 16,Norway,Brazil,Erling Haaland,90,90,0,2nd half,False,False,New York/New Jersey (East Rutherford),True,90,False,True,True
92,2026-07-05,Round of 16,Mexico,England,Julián Quiñones,42,42,0,1st half,False,False,Mexico City,True,42,False,True,True
92,2026-07-05,Round of 16,Mexico,England,Raúl Jiménez,69,69,0,2nd half,True,False,Mexico City,True,69,False,False,True
92,2026-07-05,Round of 16,England,Mexico,Jude Bellingham,36,36,0,1st half,False,False,Mexico City,True,36,False,True,True
92,2026-07-05,Round of 16,England,Mexico,Jude Bellingham,38,38,0,1st half,False,False,Mexico City,True,38,False,True,True
92,2026-07-05,Round of 16,England,Mexico,Harry Kane,60,60,0,2nd half,True,False,Mexico City,True,60,False,False,True
93,2026-07-06,Round of 16,Spain,Portugal,Mikel Merino,90+1,90,1,2nd half,False,False,Dallas (Arlington),True,91,True,True,True
94,2026-07-06,Round of 16,United States,Belgium,Malik Tillman,31,31,0,1st half,False,False,Seattle,True,31,False,True,True
94,2026-07-06,Round of 16,Belgium,United States,Charles De Ketelaere,9,9,0,1st half,False,False,Seattle,True,9,False,True,True
94,2026-07-06,Round of 16,Belgium,United States,Charles De Ketelaere,33,33,0,1st half,False,False,Seattle,True,33,False,True,True
94,2026-07-06,Round of 16,Belgium,United States,Hans Vanaken,57,57,0,2nd half,False,False,Seattle,True,57,False,True,True
94,2026-07-06,Round of 16,Belgium,United States,Romelu Lukaku,90+3,90,3,2nd half,False,False,Seattle,True,93,True,True,True
95,2026-07-07,Round of 16,Argentina,Egypt,Cristian Romero,79,79,0,2nd half,False,False,Atlanta,True,79,False,True,True
95,2026-07-07,Round of 16,Argentina,Egypt,Lionel Messi,83,83,0,2nd half,False,False,Atlanta,True,83,False,True,True
95,2026-07-07,Round of 16,Argentina,Egypt,Enzo Fernández,90+2,90,2,2nd half,False,False,Atlanta,True,92,True,True,True
95,2026-07-07,Round of 16,Egypt,Argentina,Yasser Ibrahim,15,15,0,1st half,False,False,Atlanta,True,15,False,True,True
95,2026-07-07,Round of 16,Egypt,Argentina,Mostafa Zico,67,67,0,2nd half,False,False,Atlanta,True,67,False,True,True
97,2026-07-09,Quarter-final,France,Morocco,Kylian Mbappé,60,60,0,2nd half,False,False,Boston (Foxborough),True,60,False,True,True
97,2026-07-09,Quarter-final,France,Morocco,Ousmane Dembélé,66,66,0,2nd half,False,False,Boston (Foxborough),True,66,False,True,True
98,2026-07-10,Quarter-final,Spain,Belgium,Fabián Ruiz,30,30,0,1st half,False,False,Los Angeles (Inglewood),True,30,False,True,True
98,2026-07-10,Quarter-final,Spain,Belgium,Mikel Merino,88,88,0,2nd half,False,False,Los Angeles (Inglewood),True,88,False,True,True
98,2026-07-10,Quarter-final,Belgium,Spain,Charles De Ketelaere,41,41,0,1st half,False,False,Los Angeles (Inglewood),True,41,False,True,True
99,2026-07-11,Quarter-final,Norway,England,Andreas Schjelderup,36,36,0,1st half,False,False,Miami (Miami Gardens),True,36,False,True,True
99,2026-07-11,Quarter-final,England,Norway,Jude Bellingham,45+2,45,2,1st half,False,False,Miami (Miami Gardens),True,47,True,True,True
99,2026-07-11,Quarter-final,England,Norway,Jude Bellingham,93,93,0,ET 1st,False,False,Miami (Miami Gardens),True,93,False,True,False
100,2026-07-11,Quarter-final,Argentina,Switzerland,Alexis Mac Allister,10,10,0,1st half,False,False,Kansas City,True,10,False,True,True
100,2026-07-11,Quarter-final,Argentina,Switzerland,Julián Álvarez,112,112,0,ET 2nd,False,False,Kansas City,True,112,False,True,False
100,2026-07-11,Quarter-final,Argentina,Switzerland,Lautaro Martínez,120+1,120,1,ET 2nd,False,False,Kansas City,True,121,True,True,False
100,2026-07-11,Quarter-final,Switzerland,Argentina,Dan Ndoye,67,67,0,2nd half,False,False,Kansas City,True,67,False,True,True
101,2026-07-14,Semi-final,Spain,France,Mikel Oyarzabal,22,22,0,1st half,True,False,Dallas (Arlington),True,22,False,False,True
101,2026-07-14,Semi-final,Spain,France,Pedro Porro,58,58,0,2nd half,False,False,Dallas (Arlington),True,58,False,True,True
102,2026-07-15,Semi-final,England,Argentina,Anthony Gordon,55,55,0,2nd half,False,False,Atlanta,True,55,False,True,True
102,2026-07-15,Semi-final,Argentina,England,Enzo Fernández,86,86,0,2nd half,False,False,Atlanta,True,86,False,True,True
102,2026-07-15,Semi-final,Argentina,England,Lautaro Martínez,92,90,2,2nd half,False,False,Atlanta,True,92,True,True,True
103,2026-07-18,Match for third place,France,England,Kylian Mbappé,48,48,0,2nd half,False,False,Miami (Miami Gardens),True,48,False,True,True
103,2026-07-18,Match for third place,France,England,Bradley Barcola,54,54,0,2nd half,False,False,Miami (Miami Gardens),True,54,False,True,True
103,2026-07-18,Match for third place,France,England,Kylian Mbappé,66,66,0,2nd half,False,False,Miami (Miami Gardens),True,66,False,True,True
103,2026-07-18,Match for third place,France,England,Ousmane Dembélé,90+6,90,6,2nd half,False,False,Miami (Miami Gardens),True,96,True,True,True
103,2026-07-18,Match for third place,England,France,Declan Rice,3,3,0,1st half,False,False,Miami (Miami Gardens),True,3,False,True,True
103,2026-07-18,Match for third place,England,France,Ezri Konsa,18,18,0,1st half,False,False,Miami (Miami Gardens),True,18,False,True,True
103,2026-07-18,Match for third place,England,France,Bukayo Saka,37,37,0,1st half,False,False,Miami (Miami Gardens),True,37,False,True,True
103,2026-07-18,Match for third place,England,France,Bukayo Saka,45+1,45,1,1st half,False,False,Miami (Miami Gardens),True,46,True,True,True
103,2026-07-18,Match for third place,England,France,Bukayo Saka,87,87,0,2nd half,True,False,Miami (Miami Gardens),True,87,False,False,True
103,2026-07-18,Match for third place,England,France,Jude Bellingham,90+8,90,8,2nd half,False,False,Miami (Miami Gardens),True,98,True,True,True
104,2026-07-19,Final,Spain,Argentina,Ferran Torres,106,106,0,ET 2nd,False,False,New York/New Jersey (East Rutherford),True,106,False,True,False
