match_id,stage,round_label,group,date,kickoff_local_hour,utc_offset,home_team,away_team,venue_city,ht_home,ht_away,ft_home,ft_away,final_home,final_away,went_to_et,went_to_pens,pen_home,pen_away,stadium,country,elevation_m,roof,lat,lon,capacity,is_knockout,total_goals,ninety_min_goals,goal_margin,first_half_goals,second_half_goals,sheltered,shelter_label,highland,kickoff_bucket
1,Group stage,Matchday 1,Group A,2026-06-11,13.0,-6,Mexico,South Africa,Mexico City,1,0,2,0,2,0,False,False,,,Estadio Azteca,Mexico,2240,open,19.3029,-99.1505,87523,False,2,2,2,1,1,False,Fully open bowl,True,Midday (<14h)
2,Group stage,Matchday 1,Group A,2026-06-11,20.0,-6,South Korea,Czech Republic,Guadalajara (Zapopan),0,0,2,1,2,1,False,False,,,Estadio Akron,Mexico,1566,open,20.6819,-103.4625,49813,False,3,3,1,0,3,False,Fully open bowl,True,Evening (17-20h)
3,Group stage,Matchday 8,Group A,2026-06-18,12.0,-4,Czech Republic,South Africa,Atlanta,1,0,1,1,1,1,False,False,,,Mercedes-Benz Stadium,USA,320,retractable,33.7554,-84.4008,71000,False,2,2,0,1,1,True,Sheltered (roof or canopy),False,Midday (<14h)
4,Group stage,Matchday 8,Group A,2026-06-18,19.0,-6,Mexico,South Korea,Guadalajara (Zapopan),0,0,1,0,1,0,False,False,,,Estadio Akron,Mexico,1566,open,20.6819,-103.4625,49813,False,1,1,1,0,1,False,Fully open bowl,True,Evening (17-20h)
5,Group stage,Matchday 14,Group A,2026-06-24,19.0,-6,Czech Republic,Mexico,Mexico City,0,0,0,3,0,3,False,False,,,Estadio Azteca,Mexico,2240,open,19.3029,-99.1505,87523,False,3,3,3,0,3,False,Fully open bowl,True,Evening (17-20h)
6,Group stage,Matchday 14,Group A,2026-06-24,19.0,-6,South Africa,South Korea,Monterrey (Guadalupe),0,0,1,0,1,0,False,False,,,Estadio BBVA,Mexico,540,open,25.669,-100.244,53500,False,1,1,1,0,1,False,Fully open bowl,True,Evening (17-20h)
7,Group stage,Matchday 2,Group B,2026-06-12,15.0,-4,Canada,Bosnia and Herzegovina,Toronto,0,1,1,1,1,1,False,False,,,BMO Field,Canada,80,open,43.6332,-79.4185,45000,False,2,2,0,1,1,False,Fully open bowl,False,Afternoon (14-17h)
8,Group stage,Matchday 3,Group B,2026-06-13,12.0,-7,Qatar,Switzerland,San Francisco Bay Area (Santa Clara),0,1,1,1,1,1,False,False,,,Levi's Stadium,USA,9,open,37.4033,-121.9694,68500,False,2,2,0,1,1,False,Fully open bowl,False,Midday (<14h)
9,Group stage,Matchday 8,Group B,2026-06-18,12.0,-7,Switzerland,Bosnia and Herzegovina,Los Angeles (Inglewood),0,0,4,1,4,1,False,False,,,SoFi Stadium,USA,30,canopy,33.9535,-118.3392,70240,False,5,5,3,0,5,True,Sheltered (roof or canopy),False,Midday (<14h)
10,Group stage,Matchday 8,Group B,2026-06-18,15.0,-7,Canada,Qatar,Vancouver,3,0,6,0,6,0,False,False,,,BC Place,Canada,5,retractable,49.2767,-123.112,54500,False,6,6,6,3,3,True,Sheltered (roof or canopy),False,Afternoon (14-17h)
11,Group stage,Matchday 14,Group B,2026-06-24,12.0,-7,Switzerland,Canada,Vancouver,0,0,2,1,2,1,False,False,,,BC Place,Canada,5,retractable,49.2767,-123.112,54500,False,3,3,1,0,3,True,Sheltered (roof or canopy),False,Midday (<14h)
12,Group stage,Matchday 14,Group B,2026-06-24,12.0,-7,Bosnia and Herzegovina,Qatar,Seattle,2,1,3,1,3,1,False,False,,,Lumen Field,USA,10,canopy,47.5952,-122.3316,68740,False,4,4,2,3,1,True,Sheltered (roof or canopy),False,Midday (<14h)
13,Group stage,Matchday 3,Group C,2026-06-13,18.0,-4,Brazil,Morocco,New York/New Jersey (East Rutherford),1,1,1,1,1,1,False,False,,,MetLife Stadium,USA,5,open,40.8135,-74.0745,82500,False,2,2,0,2,0,False,Fully open bowl,False,Evening (17-20h)
14,Group stage,Matchday 3,Group C,2026-06-13,21.0,-4,Haiti,Scotland,Boston (Foxborough),0,1,0,1,0,1,False,False,,,Gillette Stadium,USA,30,open,42.0909,-71.2643,65878,False,1,1,1,1,0,False,Fully open bowl,False,Night (20h+)
15,Group stage,Matchday 9,Group C,2026-06-19,18.0,-4,Scotland,Morocco,Boston (Foxborough),0,1,0,1,0,1,False,False,,,Gillette Stadium,USA,30,open,42.0909,-71.2643,65878,False,1,1,1,1,0,False,Fully open bowl,False,Evening (17-20h)
16,Group stage,Matchday 9,Group C,2026-06-19,20.5,-4,Brazil,Haiti,Philadelphia,3,0,3,0,3,0,False,False,,,Lincoln Financial Field,USA,10,open,39.9008,-75.1675,69796,False,3,3,3,3,0,False,Fully open bowl,False,Night (20h+)
17,Group stage,Matchday 14,Group C,2026-06-24,18.0,-4,Scotland,Brazil,Miami (Miami Gardens),0,2,0,3,0,3,False,False,,,Hard Rock Stadium,USA,2,canopy,25.958,-80.2389,65326,False,3,3,3,2,1,True,Sheltered (roof or canopy),False,Evening (17-20h)
18,Group stage,Matchday 14,Group C,2026-06-24,18.0,-4,Morocco,Haiti,Atlanta,2,2,4,2,4,2,False,False,,,Mercedes-Benz Stadium,USA,320,retractable,33.7554,-84.4008,71000,False,6,6,2,4,2,True,Sheltered (roof or canopy),False,Evening (17-20h)
19,Group stage,Matchday 2,Group D,2026-06-12,18.0,-7,United States,Paraguay,Los Angeles (Inglewood),3,0,4,1,4,1,False,False,,,SoFi Stadium,USA,30,canopy,33.9535,-118.3392,70240,False,5,5,3,3,2,True,Sheltered (roof or canopy),False,Evening (17-20h)
20,Group stage,Matchday 3,Group D,2026-06-13,21.0,-7,Australia,Turkey,Vancouver,1,0,2,0,2,0,False,False,,,BC Place,Canada,5,retractable,49.2767,-123.112,54500,False,2,2,2,1,1,True,Sheltered (roof or canopy),False,Night (20h+)
21,Group stage,Matchday 9,Group D,2026-06-19,12.0,-7,United States,Australia,Seattle,2,0,2,0,2,0,False,False,,,Lumen Field,USA,10,canopy,47.5952,-122.3316,68740,False,2,2,2,2,0,True,Sheltered (roof or canopy),False,Midday (<14h)
22,Group stage,Matchday 9,Group D,2026-06-19,20.0,-7,Turkey,Paraguay,San Francisco Bay Area (Santa Clara),0,1,0,1,0,1,False,False,,,Levi's Stadium,USA,9,open,37.4033,-121.9694,68500,False,1,1,1,1,0,False,Fully open bowl,False,Evening (17-20h)
23,Group stage,Matchday 15,Group D,2026-06-25,19.0,-7,Turkey,United States,Los Angeles (Inglewood),2,1,3,2,3,2,False,False,,,SoFi Stadium,USA,30,canopy,33.9535,-118.3392,70240,False,5,5,1,3,2,True,Sheltered (roof or canopy),False,Evening (17-20h)
24,Group stage,Matchday 15,Group D,2026-06-25,19.0,-7,Paraguay,Australia,San Francisco Bay Area (Santa Clara),0,0,0,0,0,0,False,False,,,Levi's Stadium,USA,9,open,37.4033,-121.9694,68500,False,0,0,0,0,0,False,Fully open bowl,False,Evening (17-20h)
25,Group stage,Matchday 4,Group E,2026-06-14,12.0,-5,Germany,Curaçao,Houston,3,1,7,1,7,1,False,False,,,NRG Stadium,USA,15,retractable,29.6847,-95.4107,72220,False,8,8,6,4,4,True,Sheltered (roof or canopy),False,Midday (<14h)
26,Group stage,Matchday 4,Group E,2026-06-14,19.0,-4,Ivory Coast,Ecuador,Philadelphia,0,0,1,0,1,0,False,False,,,Lincoln Financial Field,USA,10,open,39.9008,-75.1675,69796,False,1,1,1,0,1,False,Fully open bowl,False,Evening (17-20h)
27,Group stage,Matchday 10,Group E,2026-06-20,16.0,-4,Germany,Ivory Coast,Toronto,0,1,2,1,2,1,False,False,,,BMO Field,Canada,80,open,43.6332,-79.4185,45000,False,3,3,1,1,2,False,Fully open bowl,False,Afternoon (14-17h)
28,Group stage,Matchday 10,Group E,2026-06-20,19.0,-5,Ecuador,Curaçao,Kansas City,0,0,0,0,0,0,False,False,,,Arrowhead Stadium,USA,270,open,39.0489,-94.4839,76416,False,0,0,0,0,0,False,Fully open bowl,False,Evening (17-20h)
29,Group stage,Matchday 15,Group E,2026-06-25,16.0,-4,Curaçao,Ivory Coast,Philadelphia,0,1,0,2,0,2,False,False,,,Lincoln Financial Field,USA,10,open,39.9008,-75.1675,69796,False,2,2,2,1,1,False,Fully open bowl,False,Afternoon (14-17h)
30,Group stage,Matchday 15,Group E,2026-06-25,16.0,-4,Ecuador,Germany,New York/New Jersey (East Rutherford),1,1,2,1,2,1,False,False,,,MetLife Stadium,USA,5,open,40.8135,-74.0745,82500,False,3,3,1,2,1,False,Fully open bowl,False,Afternoon (14-17h)
31,Group stage,Matchday 4,Group F,2026-06-14,15.0,-5,Netherlands,Japan,Dallas (Arlington),0,0,2,2,2,2,False,False,,,AT&T Stadium,USA,180,retractable,32.7473,-97.0945,80000,False,4,4,0,0,4,True,Sheltered (roof or canopy),False,Afternoon (14-17h)
32,Group stage,Matchday 4,Group F,2026-06-14,20.0,-6,Sweden,Tunisia,Monterrey (Guadalupe),2,1,5,1,5,1,False,False,,,Estadio BBVA,Mexico,540,open,25.669,-100.244,53500,False,6,6,4,3,3,False,Fully open bowl,True,Evening (17-20h)
33,Group stage,Matchday 10,Group F,2026-06-20,12.0,-5,Netherlands,Sweden,Houston,2,0,5,1,5,1,False,False,,,NRG Stadium,USA,15,retractable,29.6847,-95.4107,72220,False,6,6,4,2,4,True,Sheltered (roof or canopy),False,Midday (<14h)
34,Group stage,Matchday 10,Group F,2026-06-20,22.0,-6,Tunisia,Japan,Monterrey (Guadalupe),0,2,0,4,0,4,False,False,,,Estadio BBVA,Mexico,540,open,25.669,-100.244,53500,False,4,4,4,2,2,False,Fully open bowl,True,Night (20h+)
35,Group stage,Matchday 15,Group F,2026-06-25,18.0,-5,Japan,Sweden,Dallas (Arlington),0,0,1,1,1,1,False,False,,,AT&T Stadium,USA,180,retractable,32.7473,-97.0945,80000,False,2,2,0,0,2,True,Sheltered (roof or canopy),False,Evening (17-20h)
36,Group stage,Matchday 15,Group F,2026-06-25,18.0,-5,Tunisia,Netherlands,Kansas City,0,2,1,3,1,3,False,False,,,Arrowhead Stadium,USA,270,open,39.0489,-94.4839,76416,False,4,4,2,2,2,False,Fully open bowl,False,Evening (17-20h)
37,Group stage,Matchday 5,Group G,2026-06-15,12.0,-7,Belgium,Egypt,Seattle,0,1,1,1,1,1,False,False,,,Lumen Field,USA,10,canopy,47.5952,-122.3316,68740,False,2,2,0,1,1,True,Sheltered (roof or canopy),False,Midday (<14h)
38,Group stage,Matchday 5,Group G,2026-06-15,18.0,-7,Iran,New Zealand,Los Angeles (Inglewood),1,1,2,2,2,2,False,False,,,SoFi Stadium,USA,30,canopy,33.9535,-118.3392,70240,False,4,4,0,2,2,True,Sheltered (roof or canopy),False,Evening (17-20h)
39,Group stage,Matchday 11,Group G,2026-06-21,12.0,-7,Belgium,Iran,Los Angeles (Inglewood),0,0,0,0,0,0,False,False,,,SoFi Stadium,USA,30,canopy,33.9535,-118.3392,70240,False,0,0,0,0,0,True,Sheltered (roof or canopy),False,Midday (<14h)
40,Group stage,Matchday 11,Group G,2026-06-21,18.0,-7,New Zealand,Egypt,Vancouver,1,0,1,3,1,3,False,False,,,BC Place,Canada,5,retractable,49.2767,-123.112,54500,False,4,4,2,1,3,True,Sheltered (roof or canopy),False,Evening (17-20h)
41,Group stage,Matchday 16,Group G,2026-06-26,20.0,-7,Egypt,Iran,Seattle,1,1,1,1,1,1,False,False,,,Lumen Field,USA,10,canopy,47.5952,-122.3316,68740,False,2,2,0,2,0,True,Sheltered (roof or canopy),False,Evening (17-20h)
42,Group stage,Matchday 16,Group G,2026-06-26,20.0,-7,New Zealand,Belgium,Vancouver,0,1,1,5,1,5,False,False,,,BC Place,Canada,5,retractable,49.2767,-123.112,54500,False,6,6,4,1,5,True,Sheltered (roof or canopy),False,Evening (17-20h)
43,Group stage,Matchday 5,Group H,2026-06-15,12.0,-4,Spain,Cape Verde,Atlanta,0,0,0,0,0,0,False,False,,,Mercedes-Benz Stadium,USA,320,retractable,33.7554,-84.4008,71000,False,0,0,0,0,0,True,Sheltered (roof or canopy),False,Midday (<14h)
44,Group stage,Matchday 5,Group H,2026-06-15,18.0,-4,Saudi Arabia,Uruguay,Miami (Miami Gardens),1,0,1,1,1,1,False,False,,,Hard Rock Stadium,USA,2,canopy,25.958,-80.2389,65326,False,2,2,0,1,1,True,Sheltered (roof or canopy),False,Evening (17-20h)
45,Group stage,Matchday 11,Group H,2026-06-21,12.0,-4,Spain,Saudi Arabia,Atlanta,3,0,4,0,4,0,False,False,,,Mercedes-Benz Stadium,USA,320,retractable,33.7554,-84.4008,71000,False,4,4,4,3,1,True,Sheltered (roof or canopy),False,Midday (<14h)
46,Group stage,Matchday 11,Group H,2026-06-21,18.0,-4,Uruguay,Cape Verde,Miami (Miami Gardens),2,1,2,2,2,2,False,False,,,Hard Rock Stadium,USA,2,canopy,25.958,-80.2389,65326,False,4,4,0,3,1,True,Sheltered (roof or canopy),False,Evening (17-20h)
47,Group stage,Matchday 16,Group H,2026-06-26,19.0,-5,Cape Verde,Saudi Arabia,Houston,0,0,0,0,0,0,False,False,,,NRG Stadium,USA,15,retractable,29.6847,-95.4107,72220,False,0,0,0,0,0,True,Sheltered (roof or canopy),False,Evening (17-20h)
48,Group stage,Matchday 16,Group H,2026-06-26,18.0,-6,Uruguay,Spain,Guadalajara (Zapopan),0,1,0,1,0,1,False,False,,,Estadio Akron,Mexico,1566,open,20.6819,-103.4625,49813,False,1,1,1,1,0,False,Fully open bowl,True,Evening (17-20h)
49,Group stage,Matchday 6,Group I,2026-06-16,15.0,-4,France,Senegal,New York/New Jersey (East Rutherford),0,0,3,1,3,1,False,False,,,MetLife Stadium,USA,5,open,40.8135,-74.0745,82500,False,4,4,2,0,4,False,Fully open bowl,False,Afternoon (14-17h)
50,Group stage,Matchday 6,Group I,2026-06-16,18.0,-4,Iraq,Norway,Boston (Foxborough),1,2,1,4,1,4,False,False,,,Gillette Stadium,USA,30,open,42.0909,-71.2643,65878,False,5,5,3,3,2,False,Fully open bowl,False,Evening (17-20h)
51,Group stage,Matchday 12,Group I,2026-06-22,17.0,-4,France,Iraq,Philadelphia,1,0,3,0,3,0,False,False,,,Lincoln Financial Field,USA,10,open,39.9008,-75.1675,69796,False,3,3,3,1,2,False,Fully open bowl,False,Afternoon (14-17h)
52,Group stage,Matchday 12,Group I,2026-06-22,20.0,-4,Norway,Senegal,New York/New Jersey (East Rutherford),1,0,3,2,3,2,False,False,,,MetLife Stadium,USA,5,open,40.8135,-74.0745,82500,False,5,5,1,1,4,False,Fully open bowl,False,Evening (17-20h)
53,Group stage,Matchday 16,Group I,2026-06-26,15.0,-4,Norway,France,Boston (Foxborough),1,3,1,4,1,4,False,False,,,Gillette Stadium,USA,30,open,42.0909,-71.2643,65878,False,5,5,3,4,1,False,Fully open bowl,False,Afternoon (14-17h)
54,Group stage,Matchday 16,Group I,2026-06-26,15.0,-4,Senegal,Iraq,Toronto,1,0,5,0,5,0,False,False,,,BMO Field,Canada,80,open,43.6332,-79.4185,45000,False,5,5,5,1,4,False,Fully open bowl,False,Afternoon (14-17h)
55,Group stage,Matchday 6,Group J,2026-06-16,20.0,-5,Argentina,Algeria,Kansas City,1,0,3,0,3,0,False,False,,,Arrowhead Stadium,USA,270,open,39.0489,-94.4839,76416,False,3,3,3,1,2,False,Fully open bowl,False,Evening (17-20h)
56,Group stage,Matchday 6,Group J,2026-06-16,21.0,-7,Austria,Jordan,San Francisco Bay Area (Santa Clara),1,0,3,1,3,1,False,False,,,Levi's Stadium,USA,9,open,37.4033,-121.9694,68500,False,4,4,2,1,3,False,Fully open bowl,False,Night (20h+)
57,Group stage,Matchday 12,Group J,2026-06-22,12.0,-5,Argentina,Austria,Dallas (Arlington),1,0,2,0,2,0,False,False,,,AT&T Stadium,USA,180,retractable,32.7473,-97.0945,80000,False,2,2,2,1,1,True,Sheltered (roof or canopy),False,Midday (<14h)
58,Group stage,Matchday 12,Group J,2026-06-22,20.0,-7,Jordan,Algeria,San Francisco Bay Area (Santa Clara),1,0,1,2,1,2,False,False,,,Levi's Stadium,USA,9,open,37.4033,-121.9694,68500,False,3,3,1,1,2,False,Fully open bowl,False,Evening (17-20h)
59,Group stage,Matchday 17,Group J,2026-06-27,21.0,-5,Algeria,Austria,Kansas City,1,1,3,3,3,3,False,False,,,Arrowhead Stadium,USA,270,open,39.0489,-94.4839,76416,False,6,6,0,2,4,False,Fully open bowl,False,Night (20h+)
60,Group stage,Matchday 17,Group J,2026-06-27,21.0,-5,Jordan,Argentina,Dallas (Arlington),0,2,1,3,1,3,False,False,,,AT&T Stadium,USA,180,retractable,32.7473,-97.0945,80000,False,4,4,2,2,2,True,Sheltered (roof or canopy),False,Night (20h+)
61,Group stage,Matchday 7,Group K,2026-06-17,12.0,-5,Portugal,DR Congo,Houston,1,1,1,1,1,1,False,False,,,NRG Stadium,USA,15,retractable,29.6847,-95.4107,72220,False,2,2,0,2,0,True,Sheltered (roof or canopy),False,Midday (<14h)
62,Group stage,Matchday 7,Group K,2026-06-17,20.0,-6,Uzbekistan,Colombia,Mexico City,0,1,1,3,1,3,False,False,,,Estadio Azteca,Mexico,2240,open,19.3029,-99.1505,87523,False,4,4,2,1,3,False,Fully open bowl,True,Evening (17-20h)
63,Group stage,Matchday 13,Group K,2026-06-23,12.0,-5,Portugal,Uzbekistan,Houston,3,0,5,0,5,0,False,False,,,NRG Stadium,USA,15,retractable,29.6847,-95.4107,72220,False,5,5,5,3,2,True,Sheltered (roof or canopy),False,Midday (<14h)
64,Group stage,Matchday 13,Group K,2026-06-23,20.0,-6,Colombia,DR Congo,Guadalajara (Zapopan),0,0,1,0,1,0,False,False,,,Estadio Akron,Mexico,1566,open,20.6819,-103.4625,49813,False,1,1,1,0,1,False,Fully open bowl,True,Evening (17-20h)
65,Group stage,Matchday 17,Group K,2026-06-27,19.5,-4,Colombia,Portugal,Miami (Miami Gardens),0,0,0,0,0,0,False,False,,,Hard Rock Stadium,USA,2,canopy,25.958,-80.2389,65326,False,0,0,0,0,0,True,Sheltered (roof or canopy),False,Evening (17-20h)
66,Group stage,Matchday 17,Group K,2026-06-27,19.5,-4,DR Congo,Uzbekistan,Atlanta,0,1,3,1,3,1,False,False,,,Mercedes-Benz Stadium,USA,320,retractable,33.7554,-84.4008,71000,False,4,4,2,1,3,True,Sheltered (roof or canopy),False,Evening (17-20h)
67,Group stage,Matchday 7,Group L,2026-06-17,15.0,-5,England,Croatia,Dallas (Arlington),2,2,4,2,4,2,False,False,,,AT&T Stadium,USA,180,retractable,32.7473,-97.0945,80000,False,6,6,2,4,2,True,Sheltered (roof or canopy),False,Afternoon (14-17h)
68,Group stage,Matchday 7,Group L,2026-06-17,19.0,-4,Ghana,Panama,Toronto,0,0,1,0,1,0,False,False,,,BMO Field,Canada,80,open,43.6332,-79.4185,45000,False,1,1,1,0,1,False,Fully open bowl,False,Evening (17-20h)
69,Group stage,Matchday 13,Group L,2026-06-23,16.0,-4,England,Ghana,Boston (Foxborough),0,0,0,0,0,0,False,False,,,Gillette Stadium,USA,30,open,42.0909,-71.2643,65878,False,0,0,0,0,0,False,Fully open bowl,False,Afternoon (14-17h)
70,Group stage,Matchday 13,Group L,2026-06-23,19.0,-4,Panama,Croatia,Toronto,0,0,0,1,0,1,False,False,,,BMO Field,Canada,80,open,43.6332,-79.4185,45000,False,1,1,1,0,1,False,Fully open bowl,False,Evening (17-20h)
71,Group stage,Matchday 17,Group L,2026-06-27,17.0,-4,Panama,England,New York/New Jersey (East Rutherford),0,0,0,2,0,2,False,False,,,MetLife Stadium,USA,5,open,40.8135,-74.0745,82500,False,2,2,2,0,2,False,Fully open bowl,False,Afternoon (14-17h)
72,Group stage,Matchday 17,Group L,2026-06-27,17.0,-4,Croatia,Ghana,Philadelphia,1,0,2,1,2,1,False,False,,,Lincoln Financial Field,USA,10,open,39.9008,-75.1675,69796,False,3,3,1,1,2,False,Fully open bowl,False,Afternoon (14-17h)
73,Round of 32,Round of 32,,2026-06-28,12.0,-7,South Africa,Canada,Los Angeles (Inglewood),0,0,0,1,0,1,False,False,,,SoFi Stadium,USA,30,canopy,33.9535,-118.3392,70240,True,1,1,1,0,1,True,Sheltered (roof or canopy),False,Midday (<14h)
74,Round of 32,Round of 32,,2026-06-29,16.5,-4,Germany,Paraguay,Boston (Foxborough),0,1,1,1,1,1,True,True,3.0,4.0,Gillette Stadium,USA,30,open,42.0909,-71.2643,65878,True,2,2,0,1,1,False,Fully open bowl,False,Afternoon (14-17h)
75,Round of 32,Round of 32,,2026-06-29,19.0,-6,Netherlands,Morocco,Monterrey (Guadalupe),0,0,1,1,1,1,True,True,2.0,3.0,Estadio BBVA,Mexico,540,open,25.669,-100.244,53500,True,2,2,0,0,2,False,Fully open bowl,True,Evening (17-20h)
76,Round of 32,Round of 32,,2026-06-29,12.0,-5,Brazil,Japan,Houston,0,1,2,1,2,1,False,False,,,NRG Stadium,USA,15,retractable,29.6847,-95.4107,72220,True,3,3,1,1,2,True,Sheltered (roof or canopy),False,Midday (<14h)
77,Round of 32,Round of 32,,2026-06-30,17.0,-4,France,Sweden,New York/New Jersey (East Rutherford),1,0,3,0,3,0,False,False,,,MetLife Stadium,USA,5,open,40.8135,-74.0745,82500,True,3,3,3,1,2,False,Fully open bowl,False,Afternoon (14-17h)
78,Round of 32,Round of 32,,2026-06-30,12.0,-5,Ivory Coast,Norway,Dallas (Arlington),0,1,1,2,1,2,False,False,,,AT&T Stadium,USA,180,retractable,32.7473,-97.0945,80000,True,3,3,1,1,2,True,Sheltered (roof or canopy),False,Midday (<14h)
79,Round of 32,Round of 32,,2026-06-30,19.0,-6,Mexico,Ecuador,Mexico City,1,0,2,0,2,0,False,False,,,Estadio Azteca,Mexico,2240,open,19.3029,-99.1505,87523,True,2,2,2,1,1,False,Fully open bowl,True,Evening (17-20h)
80,Round of 32,Round of 32,,2026-07-01,12.0,-4,England,DR Congo,Atlanta,0,1,2,1,2,1,False,False,,,Mercedes-Benz Stadium,USA,320,retractable,33.7554,-84.4008,71000,True,3,3,1,1,2,True,Sheltered (roof or canopy),False,Midday (<14h)
81,Round of 32,Round of 32,,2026-07-01,17.0,-7,United States,Bosnia and Herzegovina,San Francisco Bay Area (Santa Clara),1,0,2,0,2,0,False,False,,,Levi's Stadium,USA,9,open,37.4033,-121.9694,68500,True,2,2,2,1,1,False,Fully open bowl,False,Afternoon (14-17h)
82,Round of 32,Round of 32,,2026-07-01,13.0,-7,Belgium,Senegal,Seattle,0,1,2,2,3,2,True,False,,,Lumen Field,USA,10,canopy,47.5952,-122.3316,68740,True,5,4,1,1,3,True,Sheltered (roof or canopy),False,Midday (<14h)
83,Round of 32,Round of 32,,2026-07-02,19.0,-4,Portugal,Croatia,Toronto,0,0,2,1,2,1,False,False,,,BMO Field,Canada,80,open,43.6332,-79.4185,45000,True,3,3,1,0,3,False,Fully open bowl,False,Evening (17-20h)
84,Round of 32,Round of 32,,2026-07-02,12.0,-7,Spain,Austria,Los Angeles (Inglewood),1,0,3,0,3,0,False,False,,,SoFi Stadium,USA,30,canopy,33.9535,-118.3392,70240,True,3,3,3,1,2,True,Sheltered (roof or canopy),False,Midday (<14h)
85,Round of 32,Round of 32,,2026-07-02,20.0,-7,Switzerland,Algeria,Vancouver,1,0,2,0,2,0,False,False,,,BC Place,Canada,5,retractable,49.2767,-123.112,54500,True,2,2,2,1,1,True,Sheltered (roof or canopy),False,Evening (17-20h)
86,Round of 32,Round of 32,,2026-07-03,18.0,-4,Argentina,Cape Verde,Miami (Miami Gardens),1,0,1,1,3,2,True,False,,,Hard Rock Stadium,USA,2,canopy,25.958,-80.2389,65326,True,5,2,1,1,1,True,Sheltered (roof or canopy),False,Evening (17-20h)
87,Round of 32,Round of 32,,2026-07-03,20.5,-5,Colombia,Ghana,Kansas City,1,0,1,0,1,0,False,False,,,Arrowhead Stadium,USA,270,open,39.0489,-94.4839,76416,True,1,1,1,1,0,False,Fully open bowl,False,Night (20h+)
88,Round of 32,Round of 32,,2026-07-03,13.0,-5,Australia,Egypt,Dallas (Arlington),0,1,1,1,1,1,True,True,2.0,4.0,AT&T Stadium,USA,180,retractable,32.7473,-97.0945,80000,True,2,2,0,1,1,True,Sheltered (roof or canopy),False,Midday (<14h)
89,Round of 16,Round of 16,,2026-07-04,17.0,-4,Paraguay,France,Philadelphia,0,0,0,1,0,1,False,False,,,Lincoln Financial Field,USA,10,open,39.9008,-75.1675,69796,True,1,1,1,0,1,False,Fully open bowl,False,Afternoon (14-17h)
90,Round of 16,Round of 16,,2026-07-04,12.0,-5,Canada,Morocco,Houston,0,0,0,3,0,3,False,False,,,NRG Stadium,USA,15,retractable,29.6847,-95.4107,72220,True,3,3,3,0,3,True,Sheltered (roof or canopy),False,Midday (<14h)
91,Round of 16,Round of 16,,2026-07-05,16.0,-4,Brazil,Norway,New York/New Jersey (East Rutherford),0,0,1,2,1,2,False,False,,,MetLife Stadium,USA,5,open,40.8135,-74.0745,82500,True,3,3,1,0,3,False,Fully open bowl,False,Afternoon (14-17h)
92,Round of 16,Round of 16,,2026-07-05,18.0,-6,Mexico,England,Mexico City,1,2,2,3,2,3,False,False,,,Estadio Azteca,Mexico,2240,open,19.3029,-99.1505,87523,True,5,5,1,3,2,False,Fully open bowl,True,Evening (17-20h)
93,Round of 16,Round of 16,,2026-07-06,14.0,-5,Portugal,Spain,Dallas (Arlington),0,0,0,1,0,1,False,False,,,AT&T Stadium,USA,180,retractable,32.7473,-97.0945,80000,True,1,1,1,0,1,True,Sheltered (roof or canopy),False,Midday (<14h)
94,Round of 16,Round of 16,,2026-07-06,17.0,-7,United States,Belgium,Seattle,1,2,1,4,1,4,False,False,,,Lumen Field,USA,10,canopy,47.5952,-122.3316,68740,True,5,5,3,3,2,True,Sheltered (roof or canopy),False,Afternoon (14-17h)
95,Round of 16,Round of 16,,2026-07-07,12.0,-4,Argentina,Egypt,Atlanta,0,1,3,2,3,2,False,False,,,Mercedes-Benz Stadium,USA,320,retractable,33.7554,-84.4008,71000,True,5,5,1,1,4,True,Sheltered (roof or canopy),False,Midday (<14h)
96,Round of 16,Round of 16,,2026-07-07,13.0,-7,Switzerland,Colombia,Vancouver,0,0,0,0,0,0,True,True,4.0,3.0,BC Place,Canada,5,retractable,49.2767,-123.112,54500,True,0,0,0,0,0,True,Sheltered (roof or canopy),False,Midday (<14h)
97,Quarter-final,Quarter-final,,2026-07-09,16.0,-4,France,Morocco,Boston (Foxborough),0,0,2,0,2,0,False,False,,,Gillette Stadium,USA,30,open,42.0909,-71.2643,65878,True,2,2,2,0,2,False,Fully open bowl,False,Afternoon (14-17h)
98,Quarter-final,Quarter-final,,2026-07-10,12.0,-7,Spain,Belgium,Los Angeles (Inglewood),1,1,2,1,2,1,False,False,,,SoFi Stadium,USA,30,canopy,33.9535,-118.3392,70240,True,3,3,1,2,1,True,Sheltered (roof or canopy),False,Midday (<14h)
99,Quarter-final,Quarter-final,,2026-07-11,17.0,-4,Norway,England,Miami (Miami Gardens),1,1,1,1,1,2,True,False,,,Hard Rock Stadium,USA,2,canopy,25.958,-80.2389,65326,True,3,2,1,2,0,True,Sheltered (roof or canopy),False,Afternoon (14-17h)
100,Quarter-final,Quarter-final,,2026-07-11,20.0,-5,Argentina,Switzerland,Kansas City,1,0,1,1,3,1,True,False,,,Arrowhead Stadium,USA,270,open,39.0489,-94.4839,76416,True,4,2,2,1,1,False,Fully open bowl,False,Evening (17-20h)
101,Semi-final,Semi-final,,2026-07-14,14.0,-5,France,Spain,Dallas (Arlington),0,1,0,2,0,2,False,False,,,AT&T Stadium,USA,180,retractable,32.7473,-97.0945,80000,True,2,2,2,1,1,True,Sheltered (roof or canopy),False,Midday (<14h)
102,Semi-final,Semi-final,,2026-07-15,15.0,-4,England,Argentina,Atlanta,0,0,1,2,1,2,False,False,,,Mercedes-Benz Stadium,USA,320,retractable,33.7554,-84.4008,71000,True,3,3,1,0,3,True,Sheltered (roof or canopy),False,Afternoon (14-17h)
103,Match for third place,Match for third place,,2026-07-18,17.0,-4,France,England,Miami (Miami Gardens),0,4,4,6,4,6,False,False,,,Hard Rock Stadium,USA,2,canopy,25.958,-80.2389,65326,True,10,10,2,4,6,True,Sheltered (roof or canopy),False,Afternoon (14-17h)
104,Final,Final,,2026-07-19,15.0,-4,Spain,Argentina,New York/New Jersey (East Rutherford),0,0,0,0,1,0,True,False,,,MetLife Stadium,USA,5,open,40.8135,-74.0745,82500,True,1,0,1,0,0,False,Fully open bowl,False,Afternoon (14-17h)
